{
    "Accuracy": 0.782278125,
    "Negative Precision": 0.7935827623042652,
    "Positive Precision": 0.7718529998318076,
    "Negative Recall": 0.7623439602039859,
    "Positive Recall": 0.8021662452788962
}